{"0": [[1.0, 0.7377036949793008, 0.8720790332479859, 0.9676929105989027, 1.019274779954384, 0.9886672319827239, 0.9170694388156844, 0.9216448496135627], [0.25803184509277344, 3.1965672969818115, 6.387183427810669, 8.150189876556396, 16.696969509124756, 18.348304510116577, 20.028457403182983, 46.40730333328247], [0.018867924528301886, 0.14285714285714285, 0.20485175202156333, 0.4609164420485175, 0.5067385444743935, 0.6118598382749326, 0.7331536388140162, 0.7358490566037735]], "1": [[0.49999999999999994, 1.0, 0.69431812292113, 0.768796265952795, 0.9430123009257341, 1.007860681954147, 0.950611062613932, 1.1028159541943376, 1.0092142268761686], [1.8001694679260254, 2.356462001800537, 3.7318146228790283, 7.361649751663208, 9.23729419708252, 11.931227445602417, 31.127459049224854, 35.60484719276428, 46.58282661437988], [0.0026954177897574125, 0.14016172506738545, 0.14285714285714285, 0.14555256064690028, 0.2668463611859838, 0.5067385444743935, 0.5336927223719676, 0.633423180592992, 0.6469002695417789]], "2": [[0.4999999999999999, 0.8788438209653218, 1.205829319015593, 0.7498657621142871, 1.705829319015593, 0.8325307491392676, 0.8584075565429466, 1.0139428872805407, 0.8932718016186031, 0.8945510327227498], [1.5221939086914062, 3.253600597381592, 4.292253494262695, 5.354573011398315, 8.066572189331055, 9.428091526031494, 10.405438899993896, 35.347373962402344, 40.21754193305969, 44.87391185760498], [0.0026954177897574125, 0.15363881401617252, 0.1752021563342318, 0.1778975741239892, 0.18867924528301888, 0.33692722371967654, 0.5633423180592992, 0.6037735849056604, 0.633423180592992, 0.6361185983827493]], "3": [[0.5, 1.0, 1.5, 0.863204201345708, 0.8916144480832434, 0.9250733968024336, 1.1925086472334696, 1.2081254180208445, 1.1901912420766938], [1.2262706756591797, 1.4609205722808838, 1.598701000213623, 3.080873727798462, 5.387845993041992, 7.301679849624634, 16.237661361694336, 31.487194299697876, 37.64380669593811], [0.0026954177897574125, 0.018867924528301886, 0.09164420485175202, 0.09433962264150944, 0.14016172506738545, 0.2587601078167116, 0.477088948787062, 0.5606469002695418, 0.7115902964959568]], "4": [[1.0, 0.8461783450623902, 0.89485635204077, 0.856602839852099, 0.9209185532852292, 0.8869233622558436, 1.2725093601421391], [0.3902590274810791, 3.382387399673462, 7.13935112953186, 10.507598638534546, 11.257598161697388, 13.532212257385254, 45.56353974342346], [0.1509433962264151, 0.19137466307277629, 0.215633423180593, 0.2183288409703504, 0.3288409703504043, 0.40161725067385445, 0.5040431266846361]], "5": [[0.5000000000000001, 0.8763561232045796, 1.3763561232045796, 0.9295857705436416, 1.1067829189669198, 0.9324066748336575], [0.8279995918273926, 1.5858256816864014, 4.001927375793457, 4.652382135391235, 6.987923622131348, 34.69432282447815], [0.0026954177897574125, 0.25336927223719674, 0.48517520215633425, 0.48787061994609165, 0.49865229110512127, 0.5148247978436657]], "6": [[0.3767824655888406, 0.8566134315351583, 1.0, 1.5, 0.9520007674043403, 0.9577106462325907], [1.8996479511260986, 2.8992626667022705, 3.1483147144317627, 3.287062883377075, 4.22348427772522, 10.73844051361084], [0.0026954177897574125, 0.1347708894878706, 0.18598382749326145, 0.2398921832884097, 0.5067385444743935, 0.6657681940700808]], "7": [[0.5, 0.7785814120257479, 1.278581412025748, 1.0570892112601495, 1.0065468189694784, 1.1035355686217958, 1.0179606896405644, 1.0208310136955203], [0.39417052268981934, 2.9845709800720215, 3.4272186756134033, 5.555086612701416, 7.515628337860107, 11.619889736175537, 15.797414779663086, 17.6880624294281], [0.0026954177897574125, 0.13746630727762804, 0.14016172506738545, 0.39622641509433965, 0.39892183288409705, 0.6954177897574124, 0.7088948787061995, 0.7762803234501348]], "8": [[1.0, 0.7650315893784948, 0.9999999999999999, 0.9384653464285477, 0.9757843476953121, 1.0178753854288978, 1.0771433990611974, 1.1290795613500315], [1.860781192779541, 4.046292304992676, 5.046823740005493, 5.938872814178467, 14.149764060974121, 17.200430631637573, 23.745487451553345, 57.22493267059326], [0.0431266846361186, 0.08355795148247978, 0.2183288409703504, 0.2830188679245283, 0.5714285714285714, 0.5956873315363881, 0.7142857142857143, 0.7196765498652291]], "9": [[0.5, 1.0, 0.8396552769902835, 0.9343414928650171, 0.9140189241177427, 0.9397331929248935], [0.8229947090148926, 0.9203178882598877, 4.7641730308532715, 5.879171848297119, 11.022631883621216, 13.337037324905396], [0.0026954177897574125, 0.1940700808625337, 0.1967654986522911, 0.4609164420485175, 0.5768194070080862, 0.6522911051212938]]}