{"0": [[0.5, 1.0, 1.5, 2.0, 1.5, 2.0, 2.5, 2.5, 3.5, 4.0, 2.9887357208238465, 3.2881294763119207], [0.04649519920349121, 0.09272885322570801, 0.28023648262023926, 0.38936948776245117, 0.7695558071136475, 0.9883460998535156, 1.2622263431549072, 1.3670289516448975, 1.753544569015503, 4.588631868362427, 17.606438875198364, 48.55197072029114], [0.0026954177897574125, 0.04582210242587601, 0.0673854447439353, 0.12129380053908356, 0.12398921832884097, 0.19946091644204852, 0.20215633423180593, 0.2371967654986523, 0.2830188679245283, 0.42048517520215634, 0.4743935309973046, 0.477088948787062]], "1": [[0.5, 1.0, 1.0, 1.5, 3.5, 3.5, 4.0, 3.5, 4.0, 5.5], [0.06216573715209961, 0.11815047264099121, 0.16417932510375977, 0.20969676971435547, 1.397775650024414, 1.8900151252746582, 1.933262586593628, 5.651350498199463, 6.076282024383545, 26.45276141166687], [0.0026954177897574125, 0.06199460916442048, 0.0646900269541779, 0.1078167115902965, 0.1320754716981132, 0.1347708894878706, 0.22911051212938005, 0.24528301886792453, 0.29649595687331537, 0.33962264150943394]], "2": [[0.49999999999999994, 0.9999999999999998, 1.4999999999999996, 1.4999999999999998, 1.9999999999999998, 2.4999999999999996, 2.0, 3.0, 2.5], [0.05638289451599121, 0.13801360130310059, 0.2494809627532959, 0.3556532859802246, 0.41621947288513184, 0.45851802825927734, 1.6182708740234375, 1.9781243801116943, 25.806378841400146], [0.0026954177897574125, 0.05121293800539083, 0.12668463611859837, 0.1293800539083558, 0.1940700808625337, 0.2560646900269542, 0.41509433962264153, 0.4474393530997305, 0.5148247978436657]], "3": [[0.9999999999999999, 2.0, 4.0, 4.5, 5.0, 5.390390720556938], [0.11098146438598633, 0.521826982498169, 3.9533214569091797, 4.390806674957275, 5.018212080001831, 26.256839275360107], [0.0889487870619946, 0.09164420485175202, 0.09703504043126684, 0.20754716981132076, 0.2560646900269542, 0.353099730458221]], "4": [[1.0, 1.0, 1.5, 2.0, 2.5, 3.0, 3.5], [0.08065390586853027, 0.20320391654968262, 0.3233635425567627, 0.4177577495574951, 1.514085292816162, 2.9184370040893555, 48.194671630859375], [0.008086253369272238, 0.1105121293800539, 0.20754716981132076, 0.29380053908355797, 0.3423180592991914, 0.3504043126684636, 0.41509433962264153]], "5": [[0.5, 1.0, 1.0, 1.5, 1.5, 2.0, 2.5, 3.0, 3.5, 4.0, 4.5, 5.0, 5.0, 4.0, 4.5, 4.5], [0.0388641357421875, 0.11763358116149902, 0.27225661277770996, 0.3690171241760254, 0.5523791313171387, 0.6202037334442139, 0.6961121559143066, 0.8471705913543701, 1.0115680694580078, 1.47505784034729, 2.136460781097412, 3.252106189727783, 8.069180488586426, 9.298562288284302, 15.341679573059082, 20.361655235290527], [0.0026954177897574125, 0.005390835579514825, 0.05121293800539083, 0.0673854447439353, 0.08355795148247978, 0.18867924528301888, 0.24258760107816713, 0.3557951482479784, 0.3881401617250674, 0.41778975741239893, 0.42048517520215634, 0.4339622641509434, 0.46630727762803237, 0.5768194070080862, 0.6091644204851752, 0.6118598382749326]], "6": [[1.0, 2.0, 2.5, 1.5, 2.0, 2.5, 3.5, 4.0, 5.9318631700736955, 3.0, 3.4000292732589714], [0.0928809642791748, 0.29084229469299316, 0.391141414642334, 0.7140066623687744, 0.8216371536254883, 0.9606144428253174, 1.5364739894866943, 6.7467687129974365, 10.130115032196045, 21.181487321853638, 36.21188402175903], [0.05929919137466307, 0.06199460916442048, 0.08086253369272237, 0.11590296495956873, 0.18059299191374664, 0.18867924528301888, 0.22371967654986524, 0.2749326145552561, 0.29649595687331537, 0.39622641509433965, 0.4393530997304582]], "7": [[0.9999999999999998, 1.5, 2.0, 2.0, 3.4999999999999996, 3.9999999999999996, 4.5, 4.471436135640303, 5.0, 4.103932665683547], [0.09645748138427734, 0.41762351989746094, 0.7315783500671387, 1.0364973545074463, 1.9713153839111328, 2.623936414718628, 6.214981317520142, 23.759132146835327, 27.1315975189209, 59.97373175621033], [0.07547169811320754, 0.1347708894878706, 0.14824797843665768, 0.18867924528301888, 0.2803234501347709, 0.2830188679245283, 0.3584905660377358, 0.3611859838274933, 0.42857142857142855, 0.5929919137466307]], "8": [[0.9999999999999998, 1.0, 1.5, 1.0, 2.0, 1.5, 2.5, 3.5, 3.5, 4.0, 5.5, 4.0, 4.5, 4.839205983392779], [0.08774805068969727, 0.23456382751464844, 0.27881884574890137, 0.48065733909606934, 0.6403851509094238, 0.6903443336486816, 1.1499581336975098, 1.66640305519104, 3.8540782928466797, 4.203839540481567, 12.976508140563965, 17.167553663253784, 32.84845209121704, 47.91999864578247], [0.013477088948787063, 0.0673854447439353, 0.0889487870619946, 0.1347708894878706, 0.14016172506738545, 0.14824797843665768, 0.15363881401617252, 0.15633423180592992, 0.20215633423180593, 0.38274932614555257, 0.39622641509433965, 0.42318059299191374, 0.5040431266846361, 0.5579514824797843]], "9": [[1.0, 3.4999999999999996, 3.9999999999999996, 4.5, 2.0, 6.0, 4.5, 5.0, 3.991470644030616, 7.459095555369406], [0.10698556900024414, 0.635246753692627, 1.2873399257659912, 1.8087842464447021, 2.827671527862549, 11.197200059890747, 11.585975170135498, 17.37311887741089, 25.595918655395508, 37.01739549636841], [0.008086253369272238, 0.01078167115902965, 0.013477088948787063, 0.14285714285714285, 0.1967654986522911, 0.23180592991913745, 0.353099730458221, 0.3665768194070081, 0.3746630727762803, 0.4420485175202156]]}