{"0": [[0.4999999999999999, 0.9999999999999999, 0.9999999999999999, 0.8491382130395755, 0.8447100584214393, 0.8589781128708326, 1.003299907114438, 1.0994249383092705, 1.068328495176528], [0.7337932586669922, 0.8339424133300781, 0.8760430812835693, 1.2408626079559326, 2.271859645843506, 2.6716980934143066, 3.0428903102874756, 5.041109085083008, 13.032610654830933], [0.0026954177897574125, 0.01078167115902965, 0.013477088948787063, 0.1940700808625337, 0.2695417789757412, 0.48517520215633425, 0.5067385444743935, 0.601078167115903, 0.6253369272237197]], "1": [[0.3488682584296553, 0.7374233722713532, 0.8757854689760987, 0.8532566792778375, 0.8905061214210791, 0.9910914586709267, 0.8491351442851753], [0.9805490970611572, 1.3220465183258057, 2.95000958442688, 3.312495708465576, 7.566601037979126, 15.40399956703186, 23.318361520767212], [0.0026954177897574125, 0.2857142857142857, 0.33962264150943394, 0.353099730458221, 0.40700808625336926, 0.4609164420485175, 0.601078167115903]], "2": [[0.9999999999999998, 1.4999999999999996, 0.8204814447872896, 1.0000000000000002, 1.5000000000000002, 0.896220102531888, 0.7101052893859798, 0.7411257045862761, 1.5918170682213093], [0.22410368919372559, 0.3409857749938965, 2.2227108478546143, 2.3020992279052734, 2.5314064025878906, 4.068720102310181, 4.444337368011475, 14.236409187316895, 14.493084192276001], [0.029649595687331536, 0.09703504043126684, 0.14555256064690028, 0.18328840970350405, 0.2210242587601078, 0.22911051212938005, 0.431266846361186, 0.4474393530997305, 0.4797843665768194]], "3": [[0.5, 1.0, 1.5, 2.0, 2.5, 0.8150936905548612, 0.8917797842011981, 0.9383298755152699, 0.9395666823508151], [0.06940984725952148, 0.19690346717834473, 0.6437489986419678, 0.748478889465332, 0.9686253070831299, 5.374460697174072, 6.337238550186157, 8.003868341445923, 12.60130262374878], [0.0026954177897574125, 0.09973045822102426, 0.18598382749326145, 0.1967654986522911, 0.23180592991913745, 0.33692722371967654, 0.5309973045822103, 0.7628032345013477, 0.8059299191374663]], "4": [[0.9999999999999999, 1.5, 1.5, 1.5, 2.0, 1.8312969833166168, 1.8796324275879663, 1.887740267786609, 1.8886299502943635, 1.9843646699431436], [0.0861060619354248, 0.2449486255645752, 0.30250978469848633, 0.6571187973022461, 0.6969954967498779, 1.2561626434326172, 3.168895721435547, 4.422086954116821, 7.2866106033325195, 27.240781784057617], [0.016172506738544475, 0.02425876010781671, 0.05121293800539083, 0.05390835579514825, 0.0673854447439353, 0.13746630727762804, 0.40970350404312667, 0.4123989218328841, 0.5309973045822103, 0.5606469002695418]], "5": [[0.49999999999999994, 1.0, 1.5, 1.5, 0.6400222929635445, 0.6530825709575379, 0.969665766478374, 0.8465863168705187, 1.015768938925814, 0.9814171306356024, 1.0172003946612165], [0.05437970161437988, 1.0232927799224854, 1.065910816192627, 1.1363575458526611, 1.7151544094085693, 2.650998115539551, 4.841830015182495, 5.477746248245239, 5.885664224624634, 6.230075359344482, 12.817476272583008], [0.0026954177897574125, 0.05390835579514825, 0.07277628032345014, 0.07547169811320754, 0.10512129380053908, 0.19137466307277629, 0.33692722371967654, 0.39622641509433965, 0.42857142857142855, 0.46630727762803237, 0.6576819407008087]], "6": [[0.5000000000000001, 1.0000000000000002, 1.0, 0.9999999999999999, 1.4999999999999998, 0.8482120095028861, 0.8535753379706698, 1.1134325239153244, 1.1321780925619092], [0.4507622718811035, 0.5638549327850342, 0.9487533569335938, 0.9969208240509033, 1.0739073753356934, 1.6134769916534424, 4.402023792266846, 25.952960968017578, 31.067747354507446], [0.0026954177897574125, 0.018867924528301886, 0.0215633423180593, 0.10242587601078167, 0.10512129380053908, 0.2587601078167116, 0.692722371967655, 0.7304582210242587, 0.7493261455525606]], "7": [[0.4999999999999998, 0.8101218990668166, 0.9999999999999998, 0.676859924610548, 0.8735610074365701, 0.7919115690004043, 0.9393692866689394, 0.975346904063324, 0.9993816439982195], [0.9220707416534424, 1.3308632373809814, 1.383404016494751, 2.293179988861084, 3.2799439430236816, 7.2726662158966064, 9.836080312728882, 11.180341243743896, 43.37749934196472], [0.0026954177897574125, 0.10242587601078167, 0.19946091644204852, 0.20215633423180593, 0.25336927223719674, 0.5849056603773585, 0.6388140161725068, 0.6711590296495957, 0.7870619946091644]], "8": [[0.5, 1.0, 1.0, 0.5172997827354489, 0.947958520837407, 0.5921084686381202, 1.0061135612115768, 1.1244466136772393, 1.0969556809664456, 1.0425526064024175, 1.138676605764371, 1.1016120348838958], [0.17493200302124023, 1.0987412929534912, 1.8808717727661133, 2.79964017868042, 4.629067420959473, 5.302802324295044, 6.507333993911743, 8.680544376373291, 9.373738765716553, 17.79653310775757, 33.40662217140198, 36.22053122520447], [0.0026954177897574125, 0.016172506738544475, 0.1105121293800539, 0.14016172506738545, 0.14285714285714285, 0.16711590296495957, 0.46900269541778977, 0.5363881401617251, 0.5390835579514824, 0.6199460916442049, 0.6684636118598383, 0.7735849056603774]], "9": [[0.49999999999999994, 0.9999999999999999, 1.4999999999999998, 1.313254029079804, 1.4710031887843678, 1.2561685054232925], [0.0805504322052002, 0.1430366039276123, 0.2230701446533203, 1.7523314952850342, 5.2768731117248535, 57.56691598892212], [0.0026954177897574125, 0.0862533692722372, 0.0889487870619946, 0.4609164420485175, 0.5417789757412399, 0.6037735849056604]]}