{"0": [[0.8429293323877297, 0.9475228253888643, 0.8853608061793317, 0.8507796649541508], [1.2444710731506348, 3.149982452392578, 34.69034385681152, 58.84466075897217], [0.0026954177897574125, 0.48247978436657685, 0.5795148247978437, 0.6522911051212938]], "1": [[0.7135831792054163, 0.9256235744236299, 0.9653335936905652, 0.9365447014463135, 1.0694664619923326, 0.9364373921294291, 0.9397858234695036], [1.0760431289672852, 1.8255701065063477, 6.855499267578125, 8.566378116607666, 24.363121032714844, 37.787922382354736, 52.17733836174011], [0.0026954177897574125, 0.1967654986522911, 0.49595687331536387, 0.49865229110512127, 0.628032345013477, 0.7574123989218329, 0.7601078167115903]], "2": [[0.728033139626391, 4.03078886664422, 0.8269900825567745, 0.8533974549109142, 0.8598990503487618, 0.9205022394616953, 0.9938412112937957, 0.9230274912948276, 0.9221507378231661], [1.7402210235595703, 5.2924463748931885, 6.648299217224121, 8.806482315063477, 9.33284044265747, 10.495760440826416, 12.076368808746338, 13.539652347564697, 42.94279408454895], [0.0026954177897574125, 0.01078167115902965, 0.013477088948787063, 0.08086253369272237, 0.33692722371967654, 0.444743935309973, 0.4528301886792453, 0.8032345013477089, 0.8059299191374663]], "3": [[0.706797027219935, 2.83109859959605, 0.9422989149791821, 0.9544611337225588, 0.9551088001484161, 0.9566955276593145, 0.9584790289393833], [2.922092914581299, 3.187629461288452, 4.589608669281006, 8.505952835083008, 9.260549306869507, 28.851436614990234, 37.45910358428955], [0.0026954177897574125, 0.0431266846361186, 0.1778975741239892, 0.4743935309973046, 0.7601078167115903, 0.7628032345013477, 0.7654986522911051]], "4": [[0.781088293618406, 0.8740953771407618, 1.1094477079073253, 1.1185706810455869, 1.1225275783187938, 1.1226154412574252, 1.1519017806669605, 1.0278035146792037, 1.0675008255205467, 2.0129410693896124, 1.1226348769925638], [0.9266161918640137, 2.822263479232788, 5.952484607696533, 7.233447313308716, 9.924189805984497, 24.9171040058136, 33.47029495239258, 45.458842515945435, 51.23406457901001, 53.48097538948059, 60.08573079109192], [0.0026954177897574125, 0.24797843665768193, 0.3746630727762803, 0.5094339622641509, 0.5309973045822103, 0.5336927223719676, 0.5660377358490566, 0.5849056603773585, 0.6495956873315364, 0.692722371967655, 0.7654986522911051]], "5": [[0.6170556488358618, 0.917223848101073, 0.8313438911043622, 0.9672515754612458, 1.0097015058473526, 1.0274906982172, 1.0289551874200313, 0.9596844839957432], [1.354372262954712, 2.01225209236145, 2.7439401149749756, 4.323169708251953, 7.721619129180908, 13.406855344772339, 18.359909534454346, 25.74859356880188], [0.0026954177897574125, 0.2641509433962264, 0.2668463611859838, 0.444743935309973, 0.5363881401617251, 0.6361185983827493, 0.6549865229110512, 0.7277628032345014]], "6": [[0.626851324275855, 0.8314344172965449, 0.9615755282283046, 0.9631153725293501, 0.9950380549581046, 0.9582591783021354, 0.853817362798567, 0.9610385706505239, 0.962286875794541, 0.9627896237457205], [0.8270163536071777, 1.3477027416229248, 2.6133875846862793, 5.93846321105957, 13.408254861831665, 15.670583009719849, 16.934874534606934, 37.299415826797485, 46.18496227264404, 49.04548764228821], [0.0026954177897574125, 0.2641509433962264, 0.30997304582210244, 0.49595687331536387, 0.5067385444743935, 0.5202156334231806, 0.5498652291105122, 0.7520215633423181, 0.7547169811320755, 0.7574123989218329]], "7": [[0.5312573789621449, 0.7491959411618512, 0.9064544010666644, 0.9155009660716078, 0.9153245868889835, 0.9195421086057793], [0.7798256874084473, 2.090921640396118, 3.0789413452148438, 14.371879816055298, 23.325193643569946, 44.803245306015015], [0.0026954177897574125, 0.11320754716981132, 0.5741239892183289, 0.738544474393531, 0.7870619946091644, 0.7897574123989218]], "8": [[0.8431347957336401, 3.723237325857177, 0.7932083225930746, 0.975212809440224, 0.942875619674649, 0.9891664307116274, 0.9673041679484852, 1.0192403302373192, 0.9883752317970369], [1.2570266723632812, 2.3945934772491455, 3.4554145336151123, 3.842829465866089, 4.786054372787476, 6.026022434234619, 9.39945650100708, 10.557745218276978, 21.715219974517822], [0.0026954177897574125, 0.13746630727762804, 0.14016172506738545, 0.42048517520215634, 0.42318059299191374, 0.5390835579514824, 0.6711590296495957, 0.6900269541778976, 0.7088948787061995]], "9": [[0.7981756783167493, 0.8811503099182862, 0.9653379125929423, 1.0067286745467647], [1.2262611389160156, 3.4187991619110107, 12.673348665237427, 19.768871307373047], [0.0026954177897574125, 0.4501347708894879, 0.5283018867924528, 0.7196765498652291]]}